{
  "agents": {
    "agent_6716b110": 1766581640.26903,
    "agent_dad9dab6": 1766582235.8512466,
    "agent_769213b2": 1766583817.1495998,
    "agent_e13dfd5a": 1766584404.444796,
    "agent_81802fe3": 1766586698.347099,
    "agent_3b779c74": 1766604097.1114395
  }
}